{
    "0": {
        "calib_robot_pose": [
            0.5,
            0.0,
            0.3,
            0.0,
            0.0,
            1.0,
            0.0
        ],
        "calib_tracker_pose": [
            0.10357581885904506,
            0.07663021484021516,
            -0.005280562250333953,
            0.01435569474099438,
            -0.24855508820619193,
            -0.9684912461541749,
            -0.006244059420710803
        ]
    },
    "1": {
        "calib_robot_pose": [
            0.5,
            0.0,
            0.3,
            0.0,
            0.0,
            1.0,
            0.0
        ],
        "calib_tracker_pose": [
            -0.0521777696536022,
            0.10300705059129073,
            -0.0014499035213052592,
            0.18725687908614638,
            0.019005872504054167,
            -0.008944207659032033,
            0.9820863705370463
        ]
    }
}