{
  "analysis_info": {
    "mask_path": "masks/robot/right_mask_360x270.png",
    "timestamp": "2025-11-04 18:26:45",
    "image_dimensions": [
      270,
      360
    ]
  },
  "mask_center": {
    "x": 184.0289992207503,
    "y": 118.55104085494824
  },
  "image_center": {
    "x": 180.0,
    "y": 135.0
  },
  "distance": 16.93520273502471,
  "offset": {
    "x": 4.028999220750308,
    "y": -16.44895914505176
  },
  "mask_properties": {
    "mask_area": 35932,
    "total_area": 97200,
    "coverage_percentage": 36.96707818930041,
    "bounding_box": {
      "min_x": 60,
      "min_y": 23,
      "max_x": 308,
      "max_y": 209,
      "width": 249,
      "height": 187,
      "area": 46563
    },
    "circularity": 0.7378093482086656,
    "image_dimensions": {
      "width": 360,
      "height": 270
    }
  }
}